{"cameraMode":{"drawMode":0,"name":"Shaded","section":"Shading Mode"},"sceneLighting":false,"audioPlay":false,"sceneViewState":{"showFog":true,"showMaterialUpdate":true,"showSkybox":false,"showFlares":true,"showImageEffects":true,"showParticleSystems":true},"in2DMode":false,"pivot":{"x":-1.7105884552001954,"y":10.90896987915039,"z":-0.3250000476837158},"rotation":{"x":0.16812166571617127,"y":0.600669264793396,"z":-0.1310478299856186,"w":0.7705639600753784},"size":64.94979858398438,"orthographic":false}