{"cameraMode":{"drawMode":0,"name":"Shaded","section":"Shading Mode"},"sceneLighting":false,"audioPlay":false,"sceneViewState":{"showFog":true,"showMaterialUpdate":true,"showSkybox":false,"showFlares":true,"showImageEffects":true,"showParticleSystems":true},"in2DMode":false,"pivot":{"x":-6.280065536499023,"y":-0.5400000214576721,"z":1.5399971008300782},"rotation":{"x":0.11508477479219437,"y":-0.052126310765743259,"z":0.006047488655894995,"w":0.9919695854187012},"size":22.989999771118165,"orthographic":false}