{"cameraMode":{"drawMode":0,"name":"Shaded","section":"Shading Mode"},"sceneLighting":true,"audioPlay":false,"sceneViewState":{"showFog":true,"showMaterialUpdate":true,"showSkybox":true,"showFlares":true,"showImageEffects":true,"showParticleSystems":true},"in2DMode":false,"pivot":{"x":-7.552886009216309,"y":18.731569290161134,"z":28.463455200195314},"rotation":{"x":0.015810495242476465,"y":0.964829683303833,"z":-0.2555275857448578,"w":0.059699077159166339},"size":38.848960876464847,"orthographic":false}