{"cameraMode":{"drawMode":0,"name":"Shaded","section":"Shading Mode"},"sceneLighting":false,"audioPlay":false,"sceneViewState":{"showFog":true,"showMaterialUpdate":true,"showSkybox":false,"showFlares":true,"showImageEffects":true,"showParticleSystems":true},"in2DMode":false,"pivot":{"x":-3.6002159118652345,"y":1.297229290008545,"z":-0.30852222442626955},"rotation":{"x":0.20311036705970765,"y":-0.2711411416530609,"z":0.058604419231414798,"w":0.939054012298584},"size":18.540403366088868,"orthographic":false}